"","Package"
"1","abind"
"2","AMR"
"3","anytime"
"4","askpass"
"5","assertthat"
"6","attempt"
"7","AzureAuth"
"8","AzureGraph"
"9","AzureRMR"
"10","AzureStor"
"11","backports"
"12","base64enc"
"13","BH"
"14","binman"
"15","BiocGenerics"
"16","BiocManager"
"17","BiocVersion"
"18","bit"
"19","bit64"
"20","bitops"
"21","blob"
"22","bookdown"
"23","brew"
"24","brio"
"25","broom"
"26","bslib"
"27","cachem"
"28","callr"
"29","caTools"
"30","cellranger"
"31","chron"
"32","classInt"
"33","cli"
"34","clipr"
"35","coda"
"36","collections"
"37","colorspace"
"38","commonmark"
"39","countrycode"
"40","cpp11"
"41","crayon"
"42","credentials"
"43","crosstalk"
"44","crul"
"45","curl"
"46","cyclocomp"
"47","data.table"
"48","DBI"
"49","dbplyr"
"50","Deriv"
"51","desc"
"52","DescTools"
"53","devtools"
"54","dichromat"
"55","diffobj"
"56","digest"
"57","distributional"
"58","downlit"
"59","dplyr"
"60","DT"
"61","dtplyr"
"62","e1071"
"63","ellipsis"
"64","evaluate"
"65","Exact"
"66","expm"
"67","fable"
"68","fabletools"
"69","fansi"
"70","farver"
"71","fastmap"
"72","feasts"
"73","fontawesome"
"74","forcats"
"75","forecast"
"76","formattable"
"77","fpp3"
"78","fracdiff"
"79","fs"
"80","gargle"
"81","generics"
"82","geojson"
"83","geojsonio"
"84","geojsonlint"
"85","geojsonsf"
"86","geometries"
"87","gert"
"88","ggplot2"
"89","gh"
"90","gitcreds"
"91","gld"
"92","glue"
"93","googledrive"
"94","googlesheets4"
"95","gpclib"
"96","gpuMagic"
"97","gridExtra"
"98","gsubfn"
"99","gtable"
"100","hablar"
"101","haven"
"102","HelpersMG"
"103","highcharter"
"104","highr"
"105","hms"
"106","htmltools"
"107","htmlwidgets"
"108","httpcode"
"109","httpgd"
"110","httpuv"
"111","httr"
"112","hunspell"
"113","ids"
"114","igraph"
"115","ini"
"116","isoband"
"117","jose"
"118","jqr"
"119","jquerylib"
"120","jsonify"
"121","jsonlite"
"122","jsonvalidate"
"123","knitr"
"124","labeling"
"125","languageserver"
"126","later"
"127","lazyeval"
"128","leafem"
"129","leaflet"
"130","leaflet.providers"
"131","leafsync"
"132","lemon"
"133","lifecycle"
"134","lintr"
"135","lme4"
"136","lmom"
"137","lmtest"
"138","lobstr"
"139","lubridate"
"140","lwgeom"
"141","magrittr"
"142","mapproj"
"143","maps"
"144","maptools"
"145","markdown"
"146","memoise"
"147","mime"
"148","miniUI"
"149","minqa"
"150","modelr"
"151","munsell"
"152","mvtnorm"
"153","netstat"
"154","nloptr"
"155","numDeriv"
"156","OpenCL"
"157","openssl"
"158","pillar"
"159","pkgbuild"
"160","pkgconfig"
"161","pkgdown"
"162","pkgload"
"163","plogr"
"164","plotly"
"165","plyr"
"166","png"
"167","praise"
"168","prettydoc"
"169","prettyunits"
"170","processx"
"171","profvis"
"172","progress"
"173","progressr"
"174","promises"
"175","proto"
"176","protolite"
"177","proxy"
"178","pryr"
"179","ps"
"180","purrr"
"181","quadprog"
"182","quantmod"
"183","R.cache"
"184","R.methodsS3"
"185","R.oo"
"186","R.utils"
"187","R6"
"188","ragg"
"189","rapidjsonr"
"190","rappdirs"
"191","raster"
"192","rCharts"
"193","rcmdcheck"
"194","RColorBrewer"
"195","Rcpp"
"196","RcppArmadillo"
"197","RcppEigen"
"198","RCurl"
"199","reactable"
"200","reactR"
"201","readr"
"202","readxl"
"203","readxlsb"
"204","rematch"
"205","rematch2"
"206","remotes"
"207","reprex"
"208","reshape2"
"209","rex"
"210","rgdal"
"211","rgeos"
"212","rJava"
"213","rjson"
"214","RJSONIO"
"215","rlang"
"216","rlist"
"217","rmapshaper"
"218","rmarkdown"
"219","RODBC"
"220","rootSolve"
"221","roxygen2"
"222","rprojroot"
"223","RSelenium"
"224","RSQLite"
"225","rstudioapi"
"226","rversions"
"227","rvest"
"228","s2"
"229","sass"
"230","scales"
"231","selectr"
"232","semver"
"233","sessioninfo"
"234","sf"
"235","sfheaders"
"236","shapefiles"
"237","shiny"
"238","slider"
"239","sourcetools"
"240","sp"
"241","spData"
"242","sqldf"
"243","stargazer"
"244","stars"
"245","stringdist"
"246","stringi"
"247","stringr"
"248","styler"
"249","svDialogs"
"250","svGUI"
"251","sys"
"252","systemfonts"
"253","terra"
"254","testthat"
"255","textshaping"
"256","tibble"
"257","tidyr"
"258","tidyselect"
"259","tidystringdist"
"260","tidyverse"
"261","timeDate"
"262","tinytex"
"263","tmap"
"264","tmaptools"
"265","triebeard"
"266","tseries"
"267","tsibble"
"268","tsibbledata"
"269","TTR"
"270","tzdb"
"271","units"
"272","urca"
"273","urlchecker"
"274","urltools"
"275","usethis"
"276","utf8"
"277","uuid"
"278","V8"
"279","vctrs"
"280","viridis"
"281","viridisLite"
"282","vroom"
"283","waldo"
"284","warp"
"285","wdman"
"286","webshot"
"287","whisker"
"288","widgetframe"
"289","withr"
"290","wk"
"291","xfun"
"292","xlsx"
"293","xlsxjars"
"294","XML"
"295","xml2"
"296","xmlparsedata"
"297","xopen"
"298","xtable"
"299","xts"
"300","yaml"
"301","zip"
"302","zoo"
